INSERT INTO Roles (id, name) VALUES ('091854c2-7399-44a3-b3f5-69ac6fc050f5', 'admin');
INSERT INTO Roles (id, name) VALUES ('2ae6000b-6b38-4afd-992f-68912c08e661', 'cajero');
INSERT INTO Roles (id, name) VALUES ('460d8a7d-63ad-423a-b55a-20aa1b4d86ca', 'vendedor');
INSERT INTO Roles (id, name) VALUES ('5ea981d5-b627-45b6-b770-6cc8a3fa0063', 'supervisor');
INSERT INTO Permissions (id, name) VALUES ('d423504b-202f-4d30-9f85-34d086026795', 'crear_productos');
INSERT INTO Permissions (id, name) VALUES ('e7b66a3f-0608-4c44-a8fb-88ee9b7e8df4', 'editar_productos');
INSERT INTO Permissions (id, name) VALUES ('4052c69b-c2eb-4754-8470-6fcb1e2ff3b5', 'eliminar_productos');
INSERT INTO Permissions (id, name) VALUES ('05bf4d03-ac63-4e88-acd2-f951df1c56fc', 'ver_productos');
INSERT INTO Permissions (id, name) VALUES ('5db760b1-c65f-40a3-9696-b89a1e7d7d66', 'crear_orden');
INSERT INTO Permissions (id, name) VALUES ('b5ad86a5-4792-448e-9c4b-e5fc9c00fc4c', 'modificar_orden');
INSERT INTO Permissions (id, name) VALUES ('06dc640d-8861-4f9e-baa2-2df6b1790cdd', 'ver_orden');
INSERT INTO Permissions (id, name) VALUES ('8e80d7fb-9731-42ce-ad32-ae55903b89d4', 'aplicar_cupones');
INSERT INTO Permissions (id, name) VALUES ('b665fb6c-e254-4c4e-a800-0b92d0652dc8', 'ver_cupones');
INSERT INTO Permissions (id, name) VALUES ('ba93ee1f-11e1-4f58-983f-d2dc57e27304', 'abrir_caja');
INSERT INTO Permissions (id, name) VALUES ('a5c3e052-7382-465b-b5ac-04f27c81fbe6', 'cerrar_caja');
INSERT INTO Permissions (id, name) VALUES ('86e3d2b0-9485-4026-9c5a-d5baf9080eea', 'ver_historial_caja');
INSERT INTO Permissions (id, name) VALUES ('a4c4623f-76c2-473d-b403-2ec3ca53fca6', 'ver_reportes');
INSERT INTO RolePermissions (role_id, permission_id) VALUES ('091854c2-7399-44a3-b3f5-69ac6fc050f5', 'd423504b-202f-4d30-9f85-34d086026795');
INSERT INTO RolePermissions (role_id, permission_id) VALUES ('091854c2-7399-44a3-b3f5-69ac6fc050f5', 'e7b66a3f-0608-4c44-a8fb-88ee9b7e8df4');
INSERT INTO RolePermissions (role_id, permission_id) VALUES ('5ea981d5-b627-45b6-b770-6cc8a3fa0063', 'e7b66a3f-0608-4c44-a8fb-88ee9b7e8df4');
INSERT INTO RolePermissions (role_id, permission_id) VALUES ('091854c2-7399-44a3-b3f5-69ac6fc050f5', '4052c69b-c2eb-4754-8470-6fcb1e2ff3b5');
INSERT INTO RolePermissions (role_id, permission_id) VALUES ('091854c2-7399-44a3-b3f5-69ac6fc050f5', '05bf4d03-ac63-4e88-acd2-f951df1c56fc');
INSERT INTO RolePermissions (role_id, permission_id) VALUES ('2ae6000b-6b38-4afd-992f-68912c08e661', '05bf4d03-ac63-4e88-acd2-f951df1c56fc');
INSERT INTO RolePermissions (role_id, permission_id) VALUES ('460d8a7d-63ad-423a-b55a-20aa1b4d86ca', '05bf4d03-ac63-4e88-acd2-f951df1c56fc');
INSERT INTO RolePermissions (role_id, permission_id) VALUES ('5ea981d5-b627-45b6-b770-6cc8a3fa0063', '05bf4d03-ac63-4e88-acd2-f951df1c56fc');
INSERT INTO RolePermissions (role_id, permission_id) VALUES ('460d8a7d-63ad-423a-b55a-20aa1b4d86ca', '5db760b1-c65f-40a3-9696-b89a1e7d7d66');
INSERT INTO RolePermissions (role_id, permission_id) VALUES ('091854c2-7399-44a3-b3f5-69ac6fc050f5', '5db760b1-c65f-40a3-9696-b89a1e7d7d66');
INSERT INTO RolePermissions (role_id, permission_id) VALUES ('460d8a7d-63ad-423a-b55a-20aa1b4d86ca', 'b5ad86a5-4792-448e-9c4b-e5fc9c00fc4c');
INSERT INTO RolePermissions (role_id, permission_id) VALUES ('091854c2-7399-44a3-b3f5-69ac6fc050f5', 'b5ad86a5-4792-448e-9c4b-e5fc9c00fc4c');
INSERT INTO RolePermissions (role_id, permission_id) VALUES ('5ea981d5-b627-45b6-b770-6cc8a3fa0063', 'b5ad86a5-4792-448e-9c4b-e5fc9c00fc4c');
INSERT INTO RolePermissions (role_id, permission_id) VALUES ('091854c2-7399-44a3-b3f5-69ac6fc050f5', '06dc640d-8861-4f9e-baa2-2df6b1790cdd');
INSERT INTO RolePermissions (role_id, permission_id) VALUES ('2ae6000b-6b38-4afd-992f-68912c08e661', '06dc640d-8861-4f9e-baa2-2df6b1790cdd');
INSERT INTO RolePermissions (role_id, permission_id) VALUES ('460d8a7d-63ad-423a-b55a-20aa1b4d86ca', '06dc640d-8861-4f9e-baa2-2df6b1790cdd');
INSERT INTO RolePermissions (role_id, permission_id) VALUES ('5ea981d5-b627-45b6-b770-6cc8a3fa0063', '06dc640d-8861-4f9e-baa2-2df6b1790cdd');
INSERT INTO RolePermissions (role_id, permission_id) VALUES ('2ae6000b-6b38-4afd-992f-68912c08e661', '8e80d7fb-9731-42ce-ad32-ae55903b89d4');
INSERT INTO RolePermissions (role_id, permission_id) VALUES ('091854c2-7399-44a3-b3f5-69ac6fc050f5', '8e80d7fb-9731-42ce-ad32-ae55903b89d4');
INSERT INTO RolePermissions (role_id, permission_id) VALUES ('2ae6000b-6b38-4afd-992f-68912c08e661', 'b665fb6c-e254-4c4e-a800-0b92d0652dc8');
INSERT INTO RolePermissions (role_id, permission_id) VALUES ('091854c2-7399-44a3-b3f5-69ac6fc050f5', 'b665fb6c-e254-4c4e-a800-0b92d0652dc8');
INSERT INTO RolePermissions (role_id, permission_id) VALUES ('5ea981d5-b627-45b6-b770-6cc8a3fa0063', 'b665fb6c-e254-4c4e-a800-0b92d0652dc8');
INSERT INTO RolePermissions (role_id, permission_id) VALUES ('2ae6000b-6b38-4afd-992f-68912c08e661', 'ba93ee1f-11e1-4f58-983f-d2dc57e27304');
INSERT INTO RolePermissions (role_id, permission_id) VALUES ('091854c2-7399-44a3-b3f5-69ac6fc050f5', 'ba93ee1f-11e1-4f58-983f-d2dc57e27304');
INSERT INTO RolePermissions (role_id, permission_id) VALUES ('2ae6000b-6b38-4afd-992f-68912c08e661', 'a5c3e052-7382-465b-b5ac-04f27c81fbe6');
INSERT INTO RolePermissions (role_id, permission_id) VALUES ('091854c2-7399-44a3-b3f5-69ac6fc050f5', 'a5c3e052-7382-465b-b5ac-04f27c81fbe6');
INSERT INTO RolePermissions (role_id, permission_id) VALUES ('5ea981d5-b627-45b6-b770-6cc8a3fa0063', '86e3d2b0-9485-4026-9c5a-d5baf9080eea');
INSERT INTO RolePermissions (role_id, permission_id) VALUES ('091854c2-7399-44a3-b3f5-69ac6fc050f5', '86e3d2b0-9485-4026-9c5a-d5baf9080eea');
INSERT INTO RolePermissions (role_id, permission_id) VALUES ('5ea981d5-b627-45b6-b770-6cc8a3fa0063', 'a4c4623f-76c2-473d-b403-2ec3ca53fca6');
INSERT INTO RolePermissions (role_id, permission_id) VALUES ('091854c2-7399-44a3-b3f5-69ac6fc050f5', 'a4c4623f-76c2-473d-b403-2ec3ca53fca6');